{"cameraMode":{"drawMode":0,"name":"Shaded","section":"Shading Mode"},"sceneLighting":true,"audioPlay":false,"sceneViewState":{"showFog":true,"showMaterialUpdate":true,"showSkybox":true,"showFlares":true,"showImageEffects":true,"showParticleSystems":true},"in2DMode":false,"pivot":{"x":-0.7599999904632568,"y":0.0,"z":-0.5199999809265137},"rotation":{"x":0.13911624252796174,"y":-0.41508978605270388,"z":0.06438544392585755,"w":0.8967807292938232},"size":4.048589706420898,"orthographic":false}